[
    {
        "model": "auth.permission",
        "pk": 1,
        "fields": {
            "name": "Can add log entry",
            "content_type": 1,
            "codename": "add_logentry"
        }
    },
    {
        "model": "auth.permission",
        "pk": 2,
        "fields": {
            "name": "Can change log entry",
            "content_type": 1,
            "codename": "change_logentry"
        }
    },
    {
        "model": "auth.permission",
        "pk": 3,
        "fields": {
            "name": "Can delete log entry",
            "content_type": 1,
            "codename": "delete_logentry"
        }
    },
    {
        "model": "auth.permission",
        "pk": 4,
        "fields": {
            "name": "Can view log entry",
            "content_type": 1,
            "codename": "view_logentry"
        }
    },
    {
        "model": "auth.permission",
        "pk": 5,
        "fields": {
            "name": "Can add permission",
            "content_type": 2,
            "codename": "add_permission"
        }
    },
    {
        "model": "auth.permission",
        "pk": 6,
        "fields": {
            "name": "Can change permission",
            "content_type": 2,
            "codename": "change_permission"
        }
    },
    {
        "model": "auth.permission",
        "pk": 7,
        "fields": {
            "name": "Can delete permission",
            "content_type": 2,
            "codename": "delete_permission"
        }
    },
    {
        "model": "auth.permission",
        "pk": 8,
        "fields": {
            "name": "Can view permission",
            "content_type": 2,
            "codename": "view_permission"
        }
    },
    {
        "model": "auth.permission",
        "pk": 9,
        "fields": {
            "name": "Can add group",
            "content_type": 3,
            "codename": "add_group"
        }
    },
    {
        "model": "auth.permission",
        "pk": 10,
        "fields": {
            "name": "Can change group",
            "content_type": 3,
            "codename": "change_group"
        }
    },
    {
        "model": "auth.permission",
        "pk": 11,
        "fields": {
            "name": "Can delete group",
            "content_type": 3,
            "codename": "delete_group"
        }
    },
    {
        "model": "auth.permission",
        "pk": 12,
        "fields": {
            "name": "Can view group",
            "content_type": 3,
            "codename": "view_group"
        }
    },
    {
        "model": "auth.permission",
        "pk": 13,
        "fields": {
            "name": "Can add content type",
            "content_type": 4,
            "codename": "add_contenttype"
        }
    },
    {
        "model": "auth.permission",
        "pk": 14,
        "fields": {
            "name": "Can change content type",
            "content_type": 4,
            "codename": "change_contenttype"
        }
    },
    {
        "model": "auth.permission",
        "pk": 15,
        "fields": {
            "name": "Can delete content type",
            "content_type": 4,
            "codename": "delete_contenttype"
        }
    },
    {
        "model": "auth.permission",
        "pk": 16,
        "fields": {
            "name": "Can view content type",
            "content_type": 4,
            "codename": "view_contenttype"
        }
    },
    {
        "model": "auth.permission",
        "pk": 17,
        "fields": {
            "name": "Can add session",
            "content_type": 5,
            "codename": "add_session"
        }
    },
    {
        "model": "auth.permission",
        "pk": 18,
        "fields": {
            "name": "Can change session",
            "content_type": 5,
            "codename": "change_session"
        }
    },
    {
        "model": "auth.permission",
        "pk": 19,
        "fields": {
            "name": "Can delete session",
            "content_type": 5,
            "codename": "delete_session"
        }
    },
    {
        "model": "auth.permission",
        "pk": 20,
        "fields": {
            "name": "Can view session",
            "content_type": 5,
            "codename": "view_session"
        }
    },
    {
        "model": "auth.permission",
        "pk": 21,
        "fields": {
            "name": "Can add user",
            "content_type": 6,
            "codename": "add_customuser"
        }
    },
    {
        "model": "auth.permission",
        "pk": 22,
        "fields": {
            "name": "Can change user",
            "content_type": 6,
            "codename": "change_customuser"
        }
    },
    {
        "model": "auth.permission",
        "pk": 23,
        "fields": {
            "name": "Can delete user",
            "content_type": 6,
            "codename": "delete_customuser"
        }
    },
    {
        "model": "auth.permission",
        "pk": 24,
        "fields": {
            "name": "Can view user",
            "content_type": 6,
            "codename": "view_customuser"
        }
    },
    {
        "model": "auth.permission",
        "pk": 25,
        "fields": {
            "name": "Can add application",
            "content_type": 7,
            "codename": "add_application"
        }
    },
    {
        "model": "auth.permission",
        "pk": 26,
        "fields": {
            "name": "Can change application",
            "content_type": 7,
            "codename": "change_application"
        }
    },
    {
        "model": "auth.permission",
        "pk": 27,
        "fields": {
            "name": "Can delete application",
            "content_type": 7,
            "codename": "delete_application"
        }
    },
    {
        "model": "auth.permission",
        "pk": 28,
        "fields": {
            "name": "Can view application",
            "content_type": 7,
            "codename": "view_application"
        }
    },
    {
        "model": "auth.permission",
        "pk": 29,
        "fields": {
            "name": "Can add application comment",
            "content_type": 8,
            "codename": "add_applicationcomment"
        }
    },
    {
        "model": "auth.permission",
        "pk": 30,
        "fields": {
            "name": "Can change application comment",
            "content_type": 8,
            "codename": "change_applicationcomment"
        }
    },
    {
        "model": "auth.permission",
        "pk": 31,
        "fields": {
            "name": "Can delete application comment",
            "content_type": 8,
            "codename": "delete_applicationcomment"
        }
    },
    {
        "model": "auth.permission",
        "pk": 32,
        "fields": {
            "name": "Can view application comment",
            "content_type": 8,
            "codename": "view_applicationcomment"
        }
    },
    {
        "model": "auth.permission",
        "pk": 33,
        "fields": {
            "name": "Can add comment",
            "content_type": 9,
            "codename": "add_comment"
        }
    },
    {
        "model": "auth.permission",
        "pk": 34,
        "fields": {
            "name": "Can change comment",
            "content_type": 9,
            "codename": "change_comment"
        }
    },
    {
        "model": "auth.permission",
        "pk": 35,
        "fields": {
            "name": "Can delete comment",
            "content_type": 9,
            "codename": "delete_comment"
        }
    },
    {
        "model": "auth.permission",
        "pk": 36,
        "fields": {
            "name": "Can view comment",
            "content_type": 9,
            "codename": "view_comment"
        }
    },
    {
        "model": "auth.permission",
        "pk": 37,
        "fields": {
            "name": "Can add shelter",
            "content_type": 10,
            "codename": "add_shelter"
        }
    },
    {
        "model": "auth.permission",
        "pk": 38,
        "fields": {
            "name": "Can change shelter",
            "content_type": 10,
            "codename": "change_shelter"
        }
    },
    {
        "model": "auth.permission",
        "pk": 39,
        "fields": {
            "name": "Can delete shelter",
            "content_type": 10,
            "codename": "delete_shelter"
        }
    },
    {
        "model": "auth.permission",
        "pk": 40,
        "fields": {
            "name": "Can view shelter",
            "content_type": 10,
            "codename": "view_shelter"
        }
    },
    {
        "model": "auth.permission",
        "pk": 41,
        "fields": {
            "name": "Can add shelter comment",
            "content_type": 11,
            "codename": "add_sheltercomment"
        }
    },
    {
        "model": "auth.permission",
        "pk": 42,
        "fields": {
            "name": "Can change shelter comment",
            "content_type": 11,
            "codename": "change_sheltercomment"
        }
    },
    {
        "model": "auth.permission",
        "pk": 43,
        "fields": {
            "name": "Can delete shelter comment",
            "content_type": 11,
            "codename": "delete_sheltercomment"
        }
    },
    {
        "model": "auth.permission",
        "pk": 44,
        "fields": {
            "name": "Can view shelter comment",
            "content_type": 11,
            "codename": "view_sheltercomment"
        }
    },
    {
        "model": "auth.permission",
        "pk": 45,
        "fields": {
            "name": "Can add seeker",
            "content_type": 12,
            "codename": "add_seeker"
        }
    },
    {
        "model": "auth.permission",
        "pk": 46,
        "fields": {
            "name": "Can change seeker",
            "content_type": 12,
            "codename": "change_seeker"
        }
    },
    {
        "model": "auth.permission",
        "pk": 47,
        "fields": {
            "name": "Can delete seeker",
            "content_type": 12,
            "codename": "delete_seeker"
        }
    },
    {
        "model": "auth.permission",
        "pk": 48,
        "fields": {
            "name": "Can view seeker",
            "content_type": 12,
            "codename": "view_seeker"
        }
    },
    {
        "model": "auth.permission",
        "pk": 49,
        "fields": {
            "name": "Can add pet",
            "content_type": 13,
            "codename": "add_pet"
        }
    },
    {
        "model": "auth.permission",
        "pk": 50,
        "fields": {
            "name": "Can change pet",
            "content_type": 13,
            "codename": "change_pet"
        }
    },
    {
        "model": "auth.permission",
        "pk": 51,
        "fields": {
            "name": "Can delete pet",
            "content_type": 13,
            "codename": "delete_pet"
        }
    },
    {
        "model": "auth.permission",
        "pk": 52,
        "fields": {
            "name": "Can view pet",
            "content_type": 13,
            "codename": "view_pet"
        }
    },
    {
        "model": "auth.permission",
        "pk": 53,
        "fields": {
            "name": "Can add notification",
            "content_type": 14,
            "codename": "add_notification"
        }
    },
    {
        "model": "auth.permission",
        "pk": 54,
        "fields": {
            "name": "Can change notification",
            "content_type": 14,
            "codename": "change_notification"
        }
    },
    {
        "model": "auth.permission",
        "pk": 55,
        "fields": {
            "name": "Can delete notification",
            "content_type": 14,
            "codename": "delete_notification"
        }
    },
    {
        "model": "auth.permission",
        "pk": 56,
        "fields": {
            "name": "Can view notification",
            "content_type": 14,
            "codename": "view_notification"
        }
    },
    {
        "model": "contenttypes.contenttype",
        "pk": 1,
        "fields": {
            "app_label": "admin",
            "model": "logentry"
        }
    },
    {
        "model": "contenttypes.contenttype",
        "pk": 2,
        "fields": {
            "app_label": "auth",
            "model": "permission"
        }
    },
    {
        "model": "contenttypes.contenttype",
        "pk": 3,
        "fields": {
            "app_label": "auth",
            "model": "group"
        }
    },
    {
        "model": "contenttypes.contenttype",
        "pk": 4,
        "fields": {
            "app_label": "contenttypes",
            "model": "contenttype"
        }
    },
    {
        "model": "contenttypes.contenttype",
        "pk": 5,
        "fields": {
            "app_label": "sessions",
            "model": "session"
        }
    },
    {
        "model": "contenttypes.contenttype",
        "pk": 6,
        "fields": {
            "app_label": "app",
            "model": "customuser"
        }
    },
    {
        "model": "contenttypes.contenttype",
        "pk": 7,
        "fields": {
            "app_label": "app",
            "model": "application"
        }
    },
    {
        "model": "contenttypes.contenttype",
        "pk": 8,
        "fields": {
            "app_label": "app",
            "model": "applicationcomment"
        }
    },
    {
        "model": "contenttypes.contenttype",
        "pk": 9,
        "fields": {
            "app_label": "app",
            "model": "comment"
        }
    },
    {
        "model": "contenttypes.contenttype",
        "pk": 10,
        "fields": {
            "app_label": "app",
            "model": "shelter"
        }
    },
    {
        "model": "contenttypes.contenttype",
        "pk": 11,
        "fields": {
            "app_label": "app",
            "model": "sheltercomment"
        }
    },
    {
        "model": "contenttypes.contenttype",
        "pk": 12,
        "fields": {
            "app_label": "app",
            "model": "seeker"
        }
    },
    {
        "model": "contenttypes.contenttype",
        "pk": 13,
        "fields": {
            "app_label": "app",
            "model": "pet"
        }
    },
    {
        "model": "contenttypes.contenttype",
        "pk": 14,
        "fields": {
            "app_label": "app",
            "model": "notification"
        }
    },
    {
        "model": "app.customuser",
        "pk": 1,
        "fields": {
            "password": "pbkdf2_sha256$600000$KE6Axdt099vd17cTOvwSIE$6CkNNdmJ9lhMPs113c3YAQUURD7WD5I/nPnjDYlykmI=",
            "last_login": null,
            "is_superuser": false,
            "is_staff": false,
            "is_active": true,
            "date_joined": "2023-12-10T02:35:44.689Z",
            "first_name": "Lucia",
            "last_name": "Kim",
            "email": "lucia@kim.com",
            "account_type": "shelter",
            "photo": "profile/IMG_8493.PNG",
            "groups": [],
            "user_permissions": []
        }
    },
    {
        "model": "app.customuser",
        "pk": 2,
        "fields": {
            "password": "pbkdf2_sha256$600000$laKRQ8aJaKlqZTiRECpgWA$mfoyzixuZcKF9/K4NtXm5PCuczWI8JBS/2q8rV/W/D4=",
            "last_login": null,
            "is_superuser": false,
            "is_staff": false,
            "is_active": true,
            "date_joined": "2023-12-10T02:36:18.456Z",
            "first_name": "Amy",
            "last_name": "Lu",
            "email": "amy@lu.com",
            "account_type": "shelter",
            "photo": "profile/kiki.png",
            "groups": [],
            "user_permissions": []
        }
    },
    {
        "model": "app.customuser",
        "pk": 3,
        "fields": {
            "password": "pbkdf2_sha256$600000$gXAntUFp7PuU3uxK6ZUx8x$hKT4aLpWYjBiGxmNb77P9wgrpkiW35P4GR6yL7ynQ3s=",
            "last_login": null,
            "is_superuser": false,
            "is_staff": false,
            "is_active": true,
            "date_joined": "2023-12-10T02:36:36.944Z",
            "first_name": "Herman",
            "last_name": "Vuong",
            "email": "herman@vuong.com",
            "account_type": "shelter",
            "photo": "profile/ICK.png",
            "groups": [],
            "user_permissions": []
        }
    },
    {
        "model": "app.customuser",
        "pk": 4,
        "fields": {
            "password": "pbkdf2_sha256$600000$CcQA7haamDHWoowLyqviZt$GeFk51GXO5uaMoDPs+FAjtEPG6J0endnkIRaSwtUBSQ=",
            "last_login": null,
            "is_superuser": false,
            "is_staff": false,
            "is_active": true,
            "date_joined": "2023-12-10T02:37:04.711Z",
            "first_name": "Jack",
            "last_name": "Sun",
            "email": "jack@sun.com",
            "account_type": "seeker",
            "photo": "",
            "groups": [],
            "user_permissions": []
        }
    },
    {
        "model": "app.customuser",
        "pk": 5,
        "fields": {
            "password": "pbkdf2_sha256$600000$P2ehqtvBdGGG1VmpQSHN8q$KJPi+Wk4RN3LWStt9BLFYqaWkOgXGGcq4uJdaq8Ih9M=",
            "last_login": null,
            "is_superuser": false,
            "is_staff": false,
            "is_active": true,
            "date_joined": "2023-12-10T02:37:16.184Z",
            "first_name": "Nisarg",
            "last_name": "Shah",
            "email": "nisarg@shah.com",
            "account_type": "seeker",
            "photo": "",
            "groups": [],
            "user_permissions": []
        }
    },
    {
        "model": "app.customuser",
        "pk": 6,
        "fields": {
            "password": "pbkdf2_sha256$600000$GlSe3Bz2bIlaN5qapHbUfE$cKfNIFaW3KysjB/2c6pz/jcpczhf1PXhR7Fn7P9wrqc=",
            "last_login": null,
            "is_superuser": false,
            "is_staff": false,
            "is_active": true,
            "date_joined": "2023-12-10T02:37:28.920Z",
            "first_name": "Mario",
            "last_name": "Badr",
            "email": "mario@badr.com",
            "account_type": "seeker",
            "photo": "",
            "groups": [],
            "user_permissions": []
        }
    },
    {
        "model": "app.shelter",
        "pk": 1,
        "fields": {
            "user": 1,
            "name": "Hearts and Paws Animal Sanctuary",
            "phone": "(555) 456-7890",
            "country": "Canada",
            "province": "Ontario",
            "address": "101 Loving Lane",
            "postal_code": "M4H 2J1",
            "mission": "Rescuing animals with love and finding them caring homes."
        }
    },
    {
        "model": "app.shelter",
        "pk": 2,
        "fields": {
            "user": 2,
            "name": "Paws of Love Rescue",
            "phone": "(555) 789-0123",
            "country": "Canada",
            "province": "Ontario",
            "address": "456 Pet Haven",
            "postal_code": "K2C 3E4",
            "mission": "Committed to providing a second chance for pets in need."
        }
    },
    {
        "model": "app.shelter",
        "pk": 3,
        "fields": {
            "user": 3,
            "name": "Whiskers Wonderland Adoption Center",
            "phone": "(555) 234-5678",
            "country": "Canada",
            "province": "Ontario",
            "address": "789 Furry Avenue",
            "postal_code": "L1X 0Y9",
            "mission": "Our mission is to create forever homes for every whiskered friend."
        }
    },
    {
        "model": "app.seeker",
        "pk": 1,
        "fields": {
            "user": 4
        }
    },
    {
        "model": "app.seeker",
        "pk": 2,
        "fields": {
            "user": 5
        }
    },
    {
        "model": "app.seeker",
        "pk": 3,
        "fields": {
            "user": 6
        }
    },
    {
        "model": "app.pet",
        "pk": 1,
        "fields": {
            "shelter": 1,
            "name": "Whiskers",
            "age": 12,
            "species": "Cat",
            "breed": "Siamese",
            "size": 4,
            "gender": "Male",
            "photo": "pet/whiskers.jpg",
            "status": "available",
            "birthday": "2022-03-15",
            "medical_history": "Up-to-date vaccinations, dental cleaning last month",
            "special_needs": "",
            "personality": "Playful and affectionate",
            "others": "Gets along well with other cats",
            "posted_date": "2023-12-09"
        }
    },
    {
        "model": "app.pet",
        "pk": 2,
        "fields": {
            "shelter": 1,
            "name": "Buddy",
            "age": 8,
            "species": "Dog",
            "breed": "Labrador Retriever",
            "size": 25,
            "gender": "Male",
            "photo": "pet/buddy.jpg",
            "status": "available",
            "birthday": "2023-01-10",
            "medical_history": "Neutered, vaccinated, annual check-up completed",
            "special_needs": "",
            "personality": "Friendly and energetic",
            "others": "Loves playing fetch",
            "posted_date": "2023-12-09"
        }
    },
    {
        "model": "app.pet",
        "pk": 3,
        "fields": {
            "shelter": 1,
            "name": "Mittens",
            "age": 6,
            "species": "Cat",
            "breed": "Domestic Shorthair",
            "size": 3,
            "gender": "Female",
            "photo": "pet/mittens.jpg",
            "status": "available",
            "birthday": "2022-06-20",
            "medical_history": "Spayed, microchipped, recent flea treatment",
            "special_needs": "",
            "personality": "Cuddly and independent",
            "others": "Prefers a quiet environment",
            "posted_date": "2023-12-09"
        }
    },
    {
        "model": "app.pet",
        "pk": 4,
        "fields": {
            "shelter": 1,
            "name": "Rocky",
            "age": 18,
            "species": "Dog",
            "breed": "German Shepherd",
            "size": 30,
            "gender": "Male",
            "photo": "pet/rocky.jpg",
            "status": "adopted",
            "birthday": "2021-08-05",
            "medical_history": "Vaccinated, heartworm treated, arthritis medication",
            "special_needs": "Requires joint supplements",
            "personality": "Loyal and obedient",
            "others": "Needs a home with a comfortable bed",
            "posted_date": "2023-12-09"
        }
    },
    {
        "model": "app.pet",
        "pk": 5,
        "fields": {
            "shelter": 1,
            "name": "Luna",
            "age": 5,
            "species": "Cat",
            "breed": "Persian",
            "size": 5,
            "gender": "Female",
            "photo": "pet/luna.png",
            "status": "available",
            "birthday": "2023-02-14",
            "medical_history": "Up-to-date vaccinations, recent grooming",
            "special_needs": "",
            "personality": "Graceful and calm",
            "others": "Enjoys sunny spots for napping",
            "posted_date": "2023-12-09"
        }
    },
    {
        "model": "app.pet",
        "pk": 6,
        "fields": {
            "shelter": 1,
            "name": "Charlie",
            "age": 10,
            "species": "Dog",
            "breed": "Beagle",
            "size": 12,
            "gender": "Male",
            "photo": "pet/charlie.jpg",
            "status": "available",
            "birthday": "2012-11-30",
            "medical_history": "Neutered, vaccinated, dental check-up done",
            "special_needs": "",
            "personality": "Sweet and gentle",
            "others": "Good with children",
            "posted_date": "2023-12-09"
        }
    },
    {
        "model": "app.pet",
        "pk": 7,
        "fields": {
            "shelter": 1,
            "name": "Whiskey",
            "age": 3,
            "species": "Cat",
            "breed": "Maine Coon",
            "size": 8,
            "gender": "Male",
            "photo": "pet/whiskey.jpg",
            "status": "available",
            "birthday": "2020-09-25",
            "medical_history": "Spayed, microchipped, recent vet check",
            "special_needs": "",
            "personality": "Adventurous and sociable",
            "others": "Loves interactive toys",
            "posted_date": "2023-12-09"
        }
    },
    {
        "model": "app.pet",
        "pk": 8,
        "fields": {
            "shelter": 1,
            "name": "Sadie",
            "age": 7,
            "species": "Dog",
            "breed": "Golden Retriever",
            "size": 28,
            "gender": "Female",
            "photo": "pet/sadie.jpg",
            "status": "pending",
            "birthday": "2016-12-12",
            "medical_history": "Up-to-date vaccinations, recent blood work",
            "special_needs": "",
            "personality": "Playful and friendly",
            "others": "Needs a home with a fenced yard",
            "posted_date": "2023-12-09"
        }
    },
    {
        "model": "app.pet",
        "pk": 9,
        "fields": {
            "shelter": 2,
            "name": "Smokey",
            "age": 9,
            "species": "Cat",
            "breed": "Russian Blue",
            "size": 5,
            "gender": "Male",
            "photo": "pet/smokey.jpg",
            "status": "pending",
            "birthday": "2014-05-22",
            "medical_history": "Neutered, vaccinated",
            "special_needs": "",
            "personality": "Reserved and elegant",
            "others": "Enjoys quiet spaces",
            "posted_date": "2023-12-09"
        }
    },
    {
        "model": "app.pet",
        "pk": 10,
        "fields": {
            "shelter": 2,
            "name": "Max",
            "age": 2,
            "species": "Dog",
            "breed": "Shih Tzu",
            "size": 7,
            "gender": "Male",
            "photo": "pet/max.jpg",
            "status": "withdrawn",
            "birthday": "2021-02-08",
            "medical_history": "Up-to-date vaccinations",
            "special_needs": "",
            "personality": "Playful and affectionate",
            "others": "Good with children",
            "posted_date": "2023-12-09"
        }
    },
    {
        "model": "app.pet",
        "pk": 11,
        "fields": {
            "shelter": 2,
            "name": "Amelia",
            "age": 5,
            "species": "Cat",
            "breed": "Calico",
            "size": 4,
            "gender": "Female",
            "photo": "pet/amelia.jpg",
            "status": "adopted",
            "birthday": "2018-09-10",
            "medical_history": "Spayed, microchipped",
            "special_needs": "",
            "personality": "Friendly and playful",
            "others": "Loves sunny windows",
            "posted_date": "2023-12-09"
        }
    },
    {
        "model": "app.pet",
        "pk": 12,
        "fields": {
            "shelter": 2,
            "name": "Baxter",
            "age": 3,
            "species": "Dog",
            "breed": "Dachshund",
            "size": 5,
            "gender": "Male",
            "photo": "pet/baxter.jpg",
            "status": "available",
            "birthday": "2020-12-01",
            "medical_history": "Neutered, vaccinated",
            "special_needs": "",
            "personality": "Curious and energetic",
            "others": "Enjoys long walks",
            "posted_date": "2023-12-09"
        }
    },
    {
        "model": "app.pet",
        "pk": 13,
        "fields": {
            "shelter": 2,
            "name": "Lily",
            "age": 6,
            "species": "Cat",
            "breed": "Persian",
            "size": 6,
            "gender": "Female",
            "photo": "pet/lily.jpg",
            "status": "available",
            "birthday": "2017-03-14",
            "medical_history": "Up-to-date vaccinations, dental cleaning last month",
            "special_needs": "",
            "personality": "Gentle and affectionate",
            "others": "Enjoys being groomed",
            "posted_date": "2023-12-09"
        }
    },
    {
        "model": "app.pet",
        "pk": 14,
        "fields": {
            "shelter": 2,
            "name": "Cooper",
            "age": 4,
            "species": "Dog",
            "breed": "Golden Retriever",
            "size": 30,
            "gender": "Male",
            "photo": "pet/cooper.jpg",
            "status": "adopted",
            "birthday": "2019-08-25",
            "medical_history": "Vaccinated, heartworm prevention",
            "special_needs": "",
            "personality": "Friendly and outgoing",
            "others": "Good with other dogs",
            "posted_date": "2023-12-09"
        }
    },
    {
        "model": "app.pet",
        "pk": 15,
        "fields": {
            "shelter": 2,
            "name": "Chloe",
            "age": 7,
            "species": "Cat",
            "breed": "Tabby",
            "size": 5,
            "gender": "Female",
            "photo": "pet/chloe.jpg",
            "status": "available",
            "birthday": "2016-05-12",
            "medical_history": "Spayed, microchipped",
            "special_needs": "",
            "personality": "Calm and laid-back",
            "others": "Enjoys lounging on the cat tree",
            "posted_date": "2023-12-09"
        }
    },
    {
        "model": "app.pet",
        "pk": 16,
        "fields": {
            "shelter": 2,
            "name": "Oscar",
            "age": 1,
            "species": "Dog",
            "breed": "Poodle",
            "size": 10,
            "gender": "Male",
            "photo": "pet/oscar.jpg",
            "status": "available",
            "birthday": "2022-04-05",
            "medical_history": "Up-to-date vaccinations",
            "special_needs": "",
            "personality": "Smart and playful",
            "others": "Knows basic commands",
            "posted_date": "2023-12-09"
        }
    },
    {
        "model": "app.pet",
        "pk": 17,
        "fields": {
            "shelter": 3,
            "name": "Oliver",
            "age": 4,
            "species": "Cat",
            "breed": "British Shorthair",
            "size": 6,
            "gender": "Male",
            "photo": "pet/oliver.jpg",
            "status": "available",
            "birthday": "2019-11-18",
            "medical_history": "Neutered, vaccinated",
            "special_needs": "",
            "personality": "Gentle and reserved",
            "others": "Enjoys lounging by the window",
            "posted_date": "2023-12-09"
        }
    },
    {
        "model": "app.pet",
        "pk": 18,
        "fields": {
            "shelter": 3,
            "name": "Bella",
            "age": 2,
            "species": "Dog",
            "breed": "Cavalier King Charles Spaniel",
            "size": 8,
            "gender": "Female",
            "photo": "pet/bella.jpg",
            "status": "available",
            "birthday": "2021-03-25",
            "medical_history": "Up-to-date vaccinations",
            "special_needs": "",
            "personality": "Affectionate and playful",
            "others": "Loves belly rubs",
            "posted_date": "2023-12-09"
        }
    },
    {
        "model": "app.pet",
        "pk": 19,
        "fields": {
            "shelter": 3,
            "name": "Simba",
            "age": 3,
            "species": "Cat",
            "breed": "Maine Coon",
            "size": 9,
            "gender": "Male",
            "photo": "pet/simba.jpg",
            "status": "available",
            "birthday": "2020-09-10",
            "medical_history": "Spayed, microchipped",
            "special_needs": "",
            "personality": "Playful and curious",
            "others": "Enjoys interactive toys",
            "posted_date": "2023-12-09"
        }
    },
    {
        "model": "app.pet",
        "pk": 20,
        "fields": {
            "shelter": 3,
            "name": "Nelly",
            "age": 5,
            "species": "Dog",
            "breed": "Labrador Retriever",
            "size": 28,
            "gender": "Female",
            "photo": "pet/nelly.jpg",
            "status": "available",
            "birthday": "2018-06-12",
            "medical_history": "Neutered, vaccinated",
            "special_needs": "",
            "personality": "Energetic and friendly",
            "others": "Loves water and swimming",
            "posted_date": "2023-12-09"
        }
    },
    {
        "model": "app.pet",
        "pk": 21,
        "fields": {
            "shelter": 3,
            "name": "Milo",
            "age": 6,
            "species": "Cat",
            "breed": "Ragdoll",
            "size": 7,
            "gender": "Male",
            "photo": "pet/milo.jpg",
            "status": "available",
            "birthday": "2017-02-08",
            "medical_history": "Up-to-date vaccinations, recent dental cleaning",
            "special_needs": "",
            "personality": "Calm and affectionate",
            "others": "Enjoys being brushed",
            "posted_date": "2023-12-09"
        }
    },
    {
        "model": "app.pet",
        "pk": 22,
        "fields": {
            "shelter": 3,
            "name": "Coco",
            "age": 2,
            "species": "Dog",
            "breed": "French Bulldog",
            "size": 10,
            "gender": "Female",
            "photo": "pet/coco.jpg",
            "status": "adopted",
            "birthday": "2021-05-15",
            "medical_history": "Up-to-date vaccinations",
            "special_needs": "",
            "personality": "Playful and sociable",
            "others": "Loves meeting new people",
            "posted_date": "2023-12-09"
        }
    },
    {
        "model": "app.pet",
        "pk": 23,
        "fields": {
            "shelter": 3,
            "name": "Leo",
            "age": 4,
            "species": "Cat",
            "breed": "Persian",
            "size": 5,
            "gender": "Male",
            "photo": "pet/leo.jpg",
            "status": "available",
            "birthday": "2019-08-22",
            "medical_history": "Spayed, microchipped",
            "special_needs": "",
            "personality": "Gentle and affectionate",
            "others": "Enjoys playing with feather toys",
            "posted_date": "2023-12-09"
        }
    },
    {
        "model": "app.pet",
        "pk": 24,
        "fields": {
            "shelter": 3,
            "name": "Zoe",
            "age": 3,
            "species": "Dog",
            "breed": "Siberian Husky",
            "size": 20,
            "gender": "Female",
            "photo": "pet/zoe.jpg",
            "status": "pending",
            "birthday": "2020-10-05",
            "medical_history": "Neutered, vaccinated",
            "special_needs": "",
            "personality": "Energetic and independent",
            "others": "Needs regular exercise and mental stimulation",
            "posted_date": "2023-12-09"
        }
    },
    {
        "model": "app.application",
        "pk": 1,
        "fields": {
            "pet": 1,
            "seeker": 1,
            "shelter": 1,
            "application_date": "2023-12-09",
            "first_name": "Jack",
            "last_name": "Sun",
            "phone": "(555) 123-4567",
            "email": "jack@sun.com",
            "address": "789 Maple Street",
            "country": "Canada",
            "province": "Ontario",
            "postal_code": "M2N 4E6",
            "status": "pending",
            "last_updated": "2023-12-10T03:01:09.090Z"
        }
    },
    {
        "model": "app.application",
        "pk": 2,
        "fields": {
            "pet": 12,
            "seeker": 1,
            "shelter": 2,
            "application_date": "2023-12-09",
            "first_name": "Jack",
            "last_name": "Sun",
            "phone": "(555) 123-4567",
            "email": "jack@sun.com",
            "address": "789 Maple Street",
            "country": "Canada",
            "province": "Ontario",
            "postal_code": "M2N 4E6",
            "status": "pending",
            "last_updated": "2023-12-10T03:02:40.040Z"
        }
    },
    {
        "model": "app.application",
        "pk": 3,
        "fields": {
            "pet": 17,
            "seeker": 1,
            "shelter": 3,
            "application_date": "2023-12-09",
            "first_name": "Jack",
            "last_name": "Sun",
            "phone": "(555) 123-4567",
            "email": "jack@sun.com",
            "address": "789 Maple Street",
            "country": "Canada",
            "province": "Ontario",
            "postal_code": "M2N 4E6",
            "status": "pending",
            "last_updated": "2023-12-10T03:03:48.365Z"
        }
    },
    {
        "model": "app.application",
        "pk": 4,
        "fields": {
            "pet": 2,
            "seeker": 2,
            "shelter": 1,
            "application_date": "2023-12-09",
            "first_name": "Nisarg",
            "last_name": "Shah",
            "phone": "(555) 987-6543",
            "email": "nisarg@shah.com",
            "address": "456 Oak Avenue",
            "country": "Canada",
            "province": "Ontario",
            "postal_code": "L5V 2B8",
            "status": "pending",
            "last_updated": "2023-12-10T03:01:27.700Z"
        }
    },
    {
        "model": "app.application",
        "pk": 5,
        "fields": {
            "pet": 13,
            "seeker": 2,
            "shelter": 2,
            "application_date": "2023-12-09",
            "first_name": "Nisarg",
            "last_name": "Shah",
            "phone": "(555) 987-6543",
            "email": "nisarg@shah.com",
            "address": "456 Oak Avenue",
            "country": "Canada",
            "province": "Ontario",
            "postal_code": "L5V 2B8",
            "status": "pending",
            "last_updated": "2023-12-10T03:03:11.604Z"
        }
    },
    {
        "model": "app.application",
        "pk": 6,
        "fields": {
            "pet": 21,
            "seeker": 2,
            "shelter": 3,
            "application_date": "2023-12-09",
            "first_name": "Nisarg",
            "last_name": "Shah",
            "phone": "(555) 987-6543",
            "email": "nisarg@shah.com",
            "address": "456 Oak Avenue",
            "country": "Canada",
            "province": "Ontario",
            "postal_code": "L5V 2B8",
            "status": "pending",
            "last_updated": "2023-12-10T02:59:09.349Z"
        }
    },
    {
        "model": "app.application",
        "pk": 7,
        "fields": {
            "pet": 3,
            "seeker": 3,
            "shelter": 1,
            "application_date": "2023-12-09",
            "first_name": "Mario",
            "last_name": "Badr",
            "phone": "(555) 876-5432",
            "email": "mario@badr.com",
            "address": "123 Pine Street",
            "country": "Canada",
            "province": "Ontario",
            "postal_code": "K1A 0B1",
            "status": "pending",
            "last_updated": "2023-12-10T03:01:44.595Z"
        }
    },
    {
        "model": "app.application",
        "pk": 8,
        "fields": {
            "pet": 12,
            "seeker": 3,
            "shelter": 2,
            "application_date": "2023-12-09",
            "first_name": "Mario",
            "last_name": "Badr",
            "phone": "(555) 876-5432",
            "email": "mario@badr.com",
            "address": "123 Pine Street",
            "country": "Canada",
            "province": "Ontario",
            "postal_code": "K1A 0B1",
            "status": "pending",
            "last_updated": "2023-12-10T02:59:59.122Z"
        }
    },
    {
        "model": "app.application",
        "pk": 9,
        "fields": {
            "pet": 18,
            "seeker": 3,
            "shelter": 3,
            "application_date": "2023-12-09",
            "first_name": "Mario",
            "last_name": "Badr",
            "phone": "(555) 876-5432",
            "email": "mario@badr.com",
            "address": "123 Pine Street",
            "country": "Canada",
            "province": "Ontario",
            "postal_code": "K1A 0B1",
            "status": "pending",
            "last_updated": "2023-12-10T03:04:06.584Z"
        }
    },
    {
        "model": "app.comment",
        "pk": 1,
        "fields": {
            "user": 4,
            "user_name": "Jack Sun",
            "user_type": "seeker",
            "rating": 4,
            "content": "Great shelter! The staff is caring and dedicated to finding homes for the animals. The facilities are clean, and the adoption process was smooth.",
            "comment_type": "shelter",
            "creation_time": "2023-12-10T02:51:15.101Z"
        }
    },
    {
        "model": "app.comment",
        "pk": 2,
        "fields": {
            "user": 4,
            "user_name": "Jack Sun",
            "user_type": "seeker",
            "rating": 3,
            "content": "Decent shelter. The facilities are okay, but it felt a bit crowded. The adoption process took longer than expected. However, the animals are well cared for.",
            "comment_type": "shelter",
            "creation_time": "2023-12-10T02:51:44.692Z"
        }
    },
    {
        "model": "app.comment",
        "pk": 3,
        "fields": {
            "user": 4,
            "user_name": "Jack Sun",
            "user_type": "seeker",
            "rating": 2,
            "content": "Not the best experience. The adoption process was confusing, and the staff seemed disorganized. The facility could use some improvements.",
            "comment_type": "shelter",
            "creation_time": "2023-12-10T02:52:01.802Z"
        }
    },
    {
        "model": "app.comment",
        "pk": 4,
        "fields": {
            "user": 5,
            "user_name": "Nisarg Shah",
            "user_type": "seeker",
            "rating": null,
            "content": "Visited the shelter last week. Although I didn't adopt a pet, the staff was friendly and answered all my questions. The animals seemed well taken care of.",
            "comment_type": "shelter",
            "creation_time": "2023-12-10T02:52:44.012Z"
        }
    },
    {
        "model": "app.comment",
        "pk": 5,
        "fields": {
            "user": 5,
            "user_name": "Nisarg Shah",
            "user_type": "seeker",
            "rating": 5,
            "content": "Five stars! The shelter goes above and beyond to ensure the well-being of the animals. The volunteers are passionate, and the facility is clean and organized.",
            "comment_type": "shelter",
            "creation_time": "2023-12-10T02:52:58.652Z"
        }
    },
    {
        "model": "app.comment",
        "pk": 6,
        "fields": {
            "user": 5,
            "user_name": "Nisarg Shah",
            "user_type": "seeker",
            "rating": 4,
            "content": "Impressed with the shelter's commitment to animal welfare. The adoption fee includes vaccinations and spaying/neutering, making it a great value. Friendly and knowledgeable staff.",
            "comment_type": "shelter",
            "creation_time": "2023-12-10T02:53:13.360Z"
        }
    },
    {
        "model": "app.comment",
        "pk": 7,
        "fields": {
            "user": 6,
            "user_name": "Mario Badr",
            "user_type": "seeker",
            "rating": 5,
            "content": "Excellent experience adopting from this shelter. The entire process was efficient, and the staff made sure I found the perfect furry companion. Highly recommend!",
            "comment_type": "shelter",
            "creation_time": "2023-12-10T02:54:12.334Z"
        }
    },
    {
        "model": "app.comment",
        "pk": 8,
        "fields": {
            "user": 6,
            "user_name": "Mario Badr",
            "user_type": "seeker",
            "rating": null,
            "content": "Had a pleasant experience at the shelter. The staff was helpful and provided information about each pet. Considering adopting in the future.",
            "comment_type": "shelter",
            "creation_time": "2023-12-10T02:54:29.408Z"
        }
    },
    {
        "model": "app.comment",
        "pk": 9,
        "fields": {
            "user": 4,
            "user_name": "Jack Sun",
            "user_type": "seeker",
            "rating": null,
            "content": "Hi there! I submitted an application to adopt a cat named Whiskers. I'm really excited about the possibility of bringing him into our home!",
            "comment_type": "application",
            "creation_time": "2023-12-10T02:57:17.571Z"
        }
    },
    {
        "model": "app.comment",
        "pk": 10,
        "fields": {
            "user": 4,
            "user_name": "Jack Sun",
            "user_type": "seeker",
            "rating": null,
            "content": "I've submitted an application for Baxter, the Dachshund. He looks like the perfect addition to our family. Can't wait to hear back!",
            "comment_type": "application",
            "creation_time": "2023-12-10T02:57:38.716Z"
        }
    },
    {
        "model": "app.comment",
        "pk": 11,
        "fields": {
            "user": 4,
            "user_name": "Jack Sun",
            "user_type": "seeker",
            "rating": null,
            "content": "Just submitted my application for adoption. Fingers crossed to bring Oliver into our family. He's such a loyal-looking dog!",
            "comment_type": "application",
            "creation_time": "2023-12-10T02:57:57.887Z"
        }
    },
    {
        "model": "app.comment",
        "pk": 12,
        "fields": {
            "user": 5,
            "user_name": "Nisarg Shah",
            "user_type": "seeker",
            "rating": null,
            "content": "Applied for adoption of Buddy, the Labrador Retriever. He seems like a wonderful companion. Hoping to meet him soon!",
            "comment_type": "application",
            "creation_time": "2023-12-10T02:58:40.911Z"
        }
    },
    {
        "model": "app.comment",
        "pk": 13,
        "fields": {
            "user": 5,
            "user_name": "Nisarg Shah",
            "user_type": "seeker",
            "rating": null,
            "content": "Hi there! I submitted an application to adopt a cat named Lily. I'm really excited about the possibility of bringing her into our home!",
            "comment_type": "application",
            "creation_time": "2023-12-10T02:58:54.388Z"
        }
    },
    {
        "model": "app.comment",
        "pk": 14,
        "fields": {
            "user": 5,
            "user_name": "Nisarg Shah",
            "user_type": "seeker",
            "rating": null,
            "content": "I've submitted an application for Milo, the Ragdoll cat. He looks like the perfect addition to our family. Can't wait to hear back!",
            "comment_type": "application",
            "creation_time": "2023-12-10T02:59:08.607Z"
        }
    },
    {
        "model": "app.comment",
        "pk": 15,
        "fields": {
            "user": 6,
            "user_name": "Mario Badr",
            "user_type": "seeker",
            "rating": null,
            "content": "Excited about the possibility of adopting Mittens! I've submitted my application and am eagerly waiting to bring her home.",
            "comment_type": "application",
            "creation_time": "2023-12-10T02:59:44.503Z"
        }
    },
    {
        "model": "app.comment",
        "pk": 16,
        "fields": {
            "user": 6,
            "user_name": "Mario Badr",
            "user_type": "seeker",
            "rating": null,
            "content": "Applied for adoption of Baxter. He seems like a wonderful companion. Hoping to meet him soon!",
            "comment_type": "application",
            "creation_time": "2023-12-10T02:59:58.303Z"
        }
    },
    {
        "model": "app.comment",
        "pk": 17,
        "fields": {
            "user": 6,
            "user_name": "Mario Badr",
            "user_type": "seeker",
            "rating": null,
            "content": "Excited about the possibility of adopting Bella! I've submitted my application and am eagerly waiting to bring her home.",
            "comment_type": "application",
            "creation_time": "2023-12-10T03:00:10.969Z"
        }
    },
    {
        "model": "app.comment",
        "pk": 18,
        "fields": {
            "user": 1,
            "user_name": "Lucia Kim",
            "user_type": "shelter",
            "rating": null,
            "content": "Hello! Thank you for your application. We're thrilled that you're interested in adopting Whiskers. We'll review your application and get back to you soon!",
            "comment_type": "application",
            "creation_time": "2023-12-10T03:01:08.440Z"
        }
    },
    {
        "model": "app.comment",
        "pk": 19,
        "fields": {
            "user": 1,
            "user_name": "Lucia Kim",
            "user_type": "shelter",
            "rating": null,
            "content": "Hi! We received your application for Buddy. We're currently reviewing it and will reach out to discuss the next steps. Thanks for your interest in adopting from us!",
            "comment_type": "application",
            "creation_time": "2023-12-10T03:01:26.699Z"
        }
    },
    {
        "model": "app.comment",
        "pk": 20,
        "fields": {
            "user": 1,
            "user_name": "Lucia Kim",
            "user_type": "shelter",
            "rating": null,
            "content": "Thank you for applying to adopt Mittens. We appreciate your enthusiasm! We'll carefully review your application and be in touch soon.",
            "comment_type": "application",
            "creation_time": "2023-12-10T03:01:43.894Z"
        }
    },
    {
        "model": "app.comment",
        "pk": 21,
        "fields": {
            "user": 2,
            "user_name": "Amy Lu",
            "user_type": "shelter",
            "rating": null,
            "content": "Thank you for applying to adopt Baxter! We're glad you've taken an interest in her. Your application is in the queue, and we'll be in touch after we've reviewed it.",
            "comment_type": "application",
            "creation_time": "2023-12-10T03:02:39.365Z"
        }
    },
    {
        "model": "app.comment",
        "pk": 22,
        "fields": {
            "user": 2,
            "user_name": "Amy Lu",
            "user_type": "shelter",
            "rating": null,
            "content": "Hello! Thank you for your application. We're thrilled that you're interested in adopting Lily. We'll review your application and get back to you soon!",
            "comment_type": "application",
            "creation_time": "2023-12-10T03:03:10.950Z"
        }
    },
    {
        "model": "app.comment",
        "pk": 23,
        "fields": {
            "user": 3,
            "user_name": "Herman Vuong",
            "user_type": "shelter",
            "rating": null,
            "content": "Thank you for your application! We share your excitement about Oliver. Our team will review your application and get back to you shortly.",
            "comment_type": "application",
            "creation_time": "2023-12-10T03:03:47.681Z"
        }
    },
    {
        "model": "app.comment",
        "pk": 24,
        "fields": {
            "user": 3,
            "user_name": "Herman Vuong",
            "user_type": "shelter",
            "rating": null,
            "content": "Thank you for applying to adopt Bella. We appreciate your enthusiasm! We'll carefully review your application and be in touch soon.",
            "comment_type": "application",
            "creation_time": "2023-12-10T03:04:05.899Z"
        }
    },
    {
        "model": "app.sheltercomment",
        "pk": 1,
        "fields": {
            "comment": 1,
            "shelter": 1,
            "parent_comment": null
        }
    },
    {
        "model": "app.sheltercomment",
        "pk": 2,
        "fields": {
            "comment": 2,
            "shelter": 2,
            "parent_comment": null
        }
    },
    {
        "model": "app.sheltercomment",
        "pk": 3,
        "fields": {
            "comment": 3,
            "shelter": 3,
            "parent_comment": null
        }
    },
    {
        "model": "app.sheltercomment",
        "pk": 4,
        "fields": {
            "comment": 4,
            "shelter": 1,
            "parent_comment": null
        }
    },
    {
        "model": "app.sheltercomment",
        "pk": 5,
        "fields": {
            "comment": 5,
            "shelter": 2,
            "parent_comment": null
        }
    },
    {
        "model": "app.sheltercomment",
        "pk": 6,
        "fields": {
            "comment": 6,
            "shelter": 3,
            "parent_comment": null
        }
    },
    {
        "model": "app.sheltercomment",
        "pk": 7,
        "fields": {
            "comment": 7,
            "shelter": 1,
            "parent_comment": null
        }
    },
    {
        "model": "app.sheltercomment",
        "pk": 8,
        "fields": {
            "comment": 8,
            "shelter": 2,
            "parent_comment": null
        }
    },
    {
        "model": "app.applicationcomment",
        "pk": 1,
        "fields": {
            "comment": 9,
            "application": 1
        }
    },
    {
        "model": "app.applicationcomment",
        "pk": 2,
        "fields": {
            "comment": 10,
            "application": 2
        }
    },
    {
        "model": "app.applicationcomment",
        "pk": 3,
        "fields": {
            "comment": 11,
            "application": 3
        }
    },
    {
        "model": "app.applicationcomment",
        "pk": 4,
        "fields": {
            "comment": 12,
            "application": 4
        }
    },
    {
        "model": "app.applicationcomment",
        "pk": 5,
        "fields": {
            "comment": 13,
            "application": 5
        }
    },
    {
        "model": "app.applicationcomment",
        "pk": 6,
        "fields": {
            "comment": 14,
            "application": 6
        }
    },
    {
        "model": "app.applicationcomment",
        "pk": 7,
        "fields": {
            "comment": 15,
            "application": 7
        }
    },
    {
        "model": "app.applicationcomment",
        "pk": 8,
        "fields": {
            "comment": 16,
            "application": 8
        }
    },
    {
        "model": "app.applicationcomment",
        "pk": 9,
        "fields": {
            "comment": 17,
            "application": 9
        }
    },
    {
        "model": "app.applicationcomment",
        "pk": 10,
        "fields": {
            "comment": 18,
            "application": 1
        }
    },
    {
        "model": "app.applicationcomment",
        "pk": 11,
        "fields": {
            "comment": 19,
            "application": 4
        }
    },
    {
        "model": "app.applicationcomment",
        "pk": 12,
        "fields": {
            "comment": 20,
            "application": 7
        }
    },
    {
        "model": "app.applicationcomment",
        "pk": 13,
        "fields": {
            "comment": 21,
            "application": 2
        }
    },
    {
        "model": "app.applicationcomment",
        "pk": 14,
        "fields": {
            "comment": 22,
            "application": 5
        }
    },
    {
        "model": "app.applicationcomment",
        "pk": 15,
        "fields": {
            "comment": 23,
            "application": 3
        }
    },
    {
        "model": "app.applicationcomment",
        "pk": 16,
        "fields": {
            "comment": 24,
            "application": 9
        }
    },
    {
        "model": "app.notification",
        "pk": 1,
        "fields": {
            "user": 1,
            "content": "Jack Sun applied for your pet Whiskers.",
            "created_at": "2023-12-10T02:47:03.370Z",
            "is_read": false,
            "notification_type": "new_application",
            "application": 1,
            "shelter_comment": null,
            "application_comment": null,
            "url": "/applications/1/"
        }
    },
    {
        "model": "app.notification",
        "pk": 2,
        "fields": {
            "user": 2,
            "content": "Jack Sun applied for your pet Baxter.",
            "created_at": "2023-12-10T02:47:19.149Z",
            "is_read": false,
            "notification_type": "new_application",
            "application": 2,
            "shelter_comment": null,
            "application_comment": null,
            "url": "/applications/2/"
        }
    },
    {
        "model": "app.notification",
        "pk": 3,
        "fields": {
            "user": 3,
            "content": "Jack Sun applied for your pet Oliver.",
            "created_at": "2023-12-10T02:47:32.480Z",
            "is_read": false,
            "notification_type": "new_application",
            "application": 3,
            "shelter_comment": null,
            "application_comment": null,
            "url": "/applications/3/"
        }
    },
    {
        "model": "app.notification",
        "pk": 4,
        "fields": {
            "user": 1,
            "content": "Nisarg Shah applied for your pet Buddy.",
            "created_at": "2023-12-10T02:48:48.395Z",
            "is_read": false,
            "notification_type": "new_application",
            "application": 4,
            "shelter_comment": null,
            "application_comment": null,
            "url": "/applications/4/"
        }
    },
    {
        "model": "app.notification",
        "pk": 5,
        "fields": {
            "user": 2,
            "content": "Nisarg Shah applied for your pet Lily.",
            "created_at": "2023-12-10T02:48:55.341Z",
            "is_read": false,
            "notification_type": "new_application",
            "application": 5,
            "shelter_comment": null,
            "application_comment": null,
            "url": "/applications/5/"
        }
    },
    {
        "model": "app.notification",
        "pk": 6,
        "fields": {
            "user": 3,
            "content": "Nisarg Shah applied for your pet Milo.",
            "created_at": "2023-12-10T02:49:07.305Z",
            "is_read": false,
            "notification_type": "new_application",
            "application": 6,
            "shelter_comment": null,
            "application_comment": null,
            "url": "/applications/6/"
        }
    },
    {
        "model": "app.notification",
        "pk": 7,
        "fields": {
            "user": 1,
            "content": "Mario Badr applied for your pet Mittens.",
            "created_at": "2023-12-10T02:50:03.759Z",
            "is_read": false,
            "notification_type": "new_application",
            "application": 7,
            "shelter_comment": null,
            "application_comment": null,
            "url": "/applications/7/"
        }
    },
    {
        "model": "app.notification",
        "pk": 8,
        "fields": {
            "user": 2,
            "content": "Mario Badr applied for your pet Baxter.",
            "created_at": "2023-12-10T02:50:10.655Z",
            "is_read": false,
            "notification_type": "new_application",
            "application": 8,
            "shelter_comment": null,
            "application_comment": null,
            "url": "/applications/8/"
        }
    },
    {
        "model": "app.notification",
        "pk": 9,
        "fields": {
            "user": 3,
            "content": "Mario Badr applied for your pet Bella.",
            "created_at": "2023-12-10T02:50:21.512Z",
            "is_read": false,
            "notification_type": "new_application",
            "application": 9,
            "shelter_comment": null,
            "application_comment": null,
            "url": "/applications/9/"
        }
    },
    {
        "model": "app.notification",
        "pk": 10,
        "fields": {
            "user": 1,
            "content": "Jack Sun commented on your shelter page.",
            "created_at": "2023-12-10T02:51:15.500Z",
            "is_read": false,
            "notification_type": "shelter_comment",
            "application": null,
            "shelter_comment": 1,
            "application_comment": null,
            "url": "/shelters/1/comment/"
        }
    },
    {
        "model": "app.notification",
        "pk": 11,
        "fields": {
            "user": 2,
            "content": "Jack Sun commented on your shelter page.",
            "created_at": "2023-12-10T02:51:45.098Z",
            "is_read": false,
            "notification_type": "shelter_comment",
            "application": null,
            "shelter_comment": 2,
            "application_comment": null,
            "url": "/shelters/2/comment/"
        }
    },
    {
        "model": "app.notification",
        "pk": 12,
        "fields": {
            "user": 3,
            "content": "Jack Sun commented on your shelter page.",
            "created_at": "2023-12-10T02:52:02.168Z",
            "is_read": false,
            "notification_type": "shelter_comment",
            "application": null,
            "shelter_comment": 3,
            "application_comment": null,
            "url": "/shelters/3/comment/"
        }
    },
    {
        "model": "app.notification",
        "pk": 13,
        "fields": {
            "user": 1,
            "content": "Nisarg Shah commented on your shelter page.",
            "created_at": "2023-12-10T02:52:44.370Z",
            "is_read": false,
            "notification_type": "shelter_comment",
            "application": null,
            "shelter_comment": 4,
            "application_comment": null,
            "url": "/shelters/1/comment/"
        }
    },
    {
        "model": "app.notification",
        "pk": 14,
        "fields": {
            "user": 2,
            "content": "Nisarg Shah commented on your shelter page.",
            "created_at": "2023-12-10T02:52:58.980Z",
            "is_read": false,
            "notification_type": "shelter_comment",
            "application": null,
            "shelter_comment": 5,
            "application_comment": null,
            "url": "/shelters/2/comment/"
        }
    },
    {
        "model": "app.notification",
        "pk": 15,
        "fields": {
            "user": 3,
            "content": "Nisarg Shah commented on your shelter page.",
            "created_at": "2023-12-10T02:53:13.724Z",
            "is_read": false,
            "notification_type": "shelter_comment",
            "application": null,
            "shelter_comment": 6,
            "application_comment": null,
            "url": "/shelters/3/comment/"
        }
    },
    {
        "model": "app.notification",
        "pk": 16,
        "fields": {
            "user": 1,
            "content": "Mario Badr commented on your shelter page.",
            "created_at": "2023-12-10T02:54:12.691Z",
            "is_read": false,
            "notification_type": "shelter_comment",
            "application": null,
            "shelter_comment": 7,
            "application_comment": null,
            "url": "/shelters/1/comment/"
        }
    },
    {
        "model": "app.notification",
        "pk": 17,
        "fields": {
            "user": 2,
            "content": "Mario Badr commented on your shelter page.",
            "created_at": "2023-12-10T02:54:29.818Z",
            "is_read": false,
            "notification_type": "shelter_comment",
            "application": null,
            "shelter_comment": 8,
            "application_comment": null,
            "url": "/shelters/2/comment/"
        }
    },
    {
        "model": "app.notification",
        "pk": 18,
        "fields": {
            "user": 1,
            "content": "Jack Sun commented on their application for Whiskers.",
            "created_at": "2023-12-10T02:57:18.116Z",
            "is_read": false,
            "notification_type": "application_comment",
            "application": 1,
            "shelter_comment": null,
            "application_comment": 1,
            "url": "/applications/1/comment/"
        }
    },
    {
        "model": "app.notification",
        "pk": 19,
        "fields": {
            "user": 2,
            "content": "Jack Sun commented on their application for Baxter.",
            "created_at": "2023-12-10T02:57:39.286Z",
            "is_read": false,
            "notification_type": "application_comment",
            "application": 2,
            "shelter_comment": null,
            "application_comment": 2,
            "url": "/applications/2/comment/"
        }
    },
    {
        "model": "app.notification",
        "pk": 20,
        "fields": {
            "user": 3,
            "content": "Jack Sun commented on their application for Oliver.",
            "created_at": "2023-12-10T02:57:58.490Z",
            "is_read": false,
            "notification_type": "application_comment",
            "application": 3,
            "shelter_comment": null,
            "application_comment": 3,
            "url": "/applications/3/comment/"
        }
    },
    {
        "model": "app.notification",
        "pk": 21,
        "fields": {
            "user": 1,
            "content": "Nisarg Shah commented on their application for Buddy.",
            "created_at": "2023-12-10T02:58:41.471Z",
            "is_read": false,
            "notification_type": "application_comment",
            "application": 4,
            "shelter_comment": null,
            "application_comment": 4,
            "url": "/applications/4/comment/"
        }
    },
    {
        "model": "app.notification",
        "pk": 22,
        "fields": {
            "user": 2,
            "content": "Nisarg Shah commented on their application for Lily.",
            "created_at": "2023-12-10T02:58:54.960Z",
            "is_read": false,
            "notification_type": "application_comment",
            "application": 5,
            "shelter_comment": null,
            "application_comment": 5,
            "url": "/applications/5/comment/"
        }
    },
    {
        "model": "app.notification",
        "pk": 23,
        "fields": {
            "user": 3,
            "content": "Nisarg Shah commented on their application for Milo.",
            "created_at": "2023-12-10T02:59:09.160Z",
            "is_read": false,
            "notification_type": "application_comment",
            "application": 6,
            "shelter_comment": null,
            "application_comment": 6,
            "url": "/applications/6/comment/"
        }
    },
    {
        "model": "app.notification",
        "pk": 24,
        "fields": {
            "user": 1,
            "content": "Mario Badr commented on their application for Mittens.",
            "created_at": "2023-12-10T02:59:45.070Z",
            "is_read": false,
            "notification_type": "application_comment",
            "application": 7,
            "shelter_comment": null,
            "application_comment": 7,
            "url": "/applications/7/comment/"
        }
    },
    {
        "model": "app.notification",
        "pk": 25,
        "fields": {
            "user": 2,
            "content": "Mario Badr commented on their application for Baxter.",
            "created_at": "2023-12-10T02:59:58.980Z",
            "is_read": false,
            "notification_type": "application_comment",
            "application": 8,
            "shelter_comment": null,
            "application_comment": 8,
            "url": "/applications/8/comment/"
        }
    },
    {
        "model": "app.notification",
        "pk": 26,
        "fields": {
            "user": 3,
            "content": "Mario Badr commented on their application for Bella.",
            "created_at": "2023-12-10T03:00:11.633Z",
            "is_read": false,
            "notification_type": "application_comment",
            "application": 9,
            "shelter_comment": null,
            "application_comment": 9,
            "url": "/applications/9/comment/"
        }
    },
    {
        "model": "app.notification",
        "pk": 27,
        "fields": {
            "user": 4,
            "content": "Lucia Kim commented on your application for Whiskers.",
            "created_at": "2023-12-10T03:01:08.977Z",
            "is_read": false,
            "notification_type": "application_comment",
            "application": 1,
            "shelter_comment": null,
            "application_comment": 10,
            "url": "/applications/1/comment/"
        }
    },
    {
        "model": "app.notification",
        "pk": 28,
        "fields": {
            "user": 5,
            "content": "Lucia Kim commented on your application for Buddy.",
            "created_at": "2023-12-10T03:01:27.553Z",
            "is_read": false,
            "notification_type": "application_comment",
            "application": 4,
            "shelter_comment": null,
            "application_comment": 11,
            "url": "/applications/4/comment/"
        }
    },
    {
        "model": "app.notification",
        "pk": 29,
        "fields": {
            "user": 6,
            "content": "Lucia Kim commented on your application for Mittens.",
            "created_at": "2023-12-10T03:01:44.487Z",
            "is_read": false,
            "notification_type": "application_comment",
            "application": 7,
            "shelter_comment": null,
            "application_comment": 12,
            "url": "/applications/7/comment/"
        }
    },
    {
        "model": "app.notification",
        "pk": 30,
        "fields": {
            "user": 4,
            "content": "Amy Lu commented on your application for Baxter.",
            "created_at": "2023-12-10T03:02:39.940Z",
            "is_read": false,
            "notification_type": "application_comment",
            "application": 2,
            "shelter_comment": null,
            "application_comment": 13,
            "url": "/applications/2/comment/"
        }
    },
    {
        "model": "app.notification",
        "pk": 31,
        "fields": {
            "user": 5,
            "content": "Amy Lu commented on your application for Lily.",
            "created_at": "2023-12-10T03:03:11.500Z",
            "is_read": false,
            "notification_type": "application_comment",
            "application": 5,
            "shelter_comment": null,
            "application_comment": 14,
            "url": "/applications/5/comment/"
        }
    },
    {
        "model": "app.notification",
        "pk": 32,
        "fields": {
            "user": 4,
            "content": "Herman Vuong commented on your application for Oliver.",
            "created_at": "2023-12-10T03:03:48.254Z",
            "is_read": false,
            "notification_type": "application_comment",
            "application": 3,
            "shelter_comment": null,
            "application_comment": 15,
            "url": "/applications/3/comment/"
        }
    },
    {
        "model": "app.notification",
        "pk": 33,
        "fields": {
            "user": 6,
            "content": "Herman Vuong commented on your application for Bella.",
            "created_at": "2023-12-10T03:04:06.466Z",
            "is_read": false,
            "notification_type": "application_comment",
            "application": 9,
            "shelter_comment": null,
            "application_comment": 16,
            "url": "/applications/9/comment/"
        }
    }
]